,ph,Hardness,Solids,Chloramines,Sulfate,Conductivity,Organic_carbon,Trihalomethanes,Turbidity,Potability
count,2785,3276,3276,3276,2495,3276,3276,3114,3276,3276
mean,7.080794504,196.369496,22014.09253,7.122276793,333.7757766,426.2051107,14.28497025,66.39629295,3.96678617,0.39010989
std,1.594319519,32.87976148,8768.570828,1.583084889,41.41684046,80.82406405,3.308161999,16.17500842,0.780382408,0.48784917
min,0,47.432,320.9426113,0.352,129,181.483754,2.2,0.738,1.45,0
25%,6.093091914,176.8505379,15666.6903,6.127420756,307.6994978,365.7344142,12.06580133,55.84453562,3.43971087,0
50%,7.036752104,196.9676269,20927.83361,7.130298974,333.0735457,421.8849683,14.21833794,66.6224851,3.955027563,0
75%,8.062066123,216.6674562,27332.76212,8.114887032,359.9501704,481.7923045,16.55765154,77.33747291,4.500319788,1
max,14,323.124,61227.19601,13.127,481.0306423,753.3426196,28.3,124,6.739,1
